ID,target
ID_00241643,
ID_00312043,
ID_00345323,
ID_00369643,
ID_00381163,
ID_00383723,
ID_00395243,
ID_00404203,
ID_00406763,
ID_00450283,
ID_00505323,
ID_00562923,
ID_00574443,
ID_00584683,
ID_00634603,
ID_00669163,
ID_00674283,
ID_00712683,
ID_00715243,
ID_00749803,
ID_00761323,
ID_00770283,
ID_00779243,
ID_00804843,
ID_00812523,
ID_00813803,
ID_00824043,
ID_00839403,
ID_00925163,
ID_00929003,
ID_00931563,
ID_00934123,
ID_00943083,
ID_00986603,
ID_01000683,
ID_01005803,
ID_01009643,
ID_01063403,
ID_01260523,
ID_01274603,
ID_01375723,
ID_01419243,
ID_01430763,
ID_01433323,
ID_01465323,
ID_01467883,
ID_01474283,
ID_01507563,
ID_01554923,
ID_01577963,
ID_01597163,
ID_01617643,
ID_01620203,
ID_01656043,
ID_01658603,
ID_01693163,
ID_01753323,
ID_01796843,
ID_01828843,
ID_01840363,
ID_01863403,
ID_01905643,
ID_01928683,
ID_02064363,
ID_02068203,
ID_02226923,
ID_02241003,
ID_02280683,
ID_02326763,
ID_02344683,
ID_02408683,
ID_02422763,
ID_02434283,
ID_02443243,
ID_02453483,
ID_02466283,
ID_02508523,
ID_02554603,
ID_02567403,
ID_02569963,
ID_02589163,
ID_02604523,
ID_02616043,
ID_02636523,
ID_02708203,
ID_02806763,
ID_02886123,
ID_02889963,
ID_02909163,
ID_02956523,
ID_02959083,
ID_03014123,
ID_03057643,
ID_03076843,
ID_03092203,
ID_03094763,
ID_03102443,
ID_03180523,
ID_03184363,
ID_03212523,
ID_03249643,
ID_03253483,
ID_03258603,
ID_03267563,
ID_03302123,
ID_03307243,
ID_03330283,
ID_03357163,
ID_03389163,
ID_03446763,
ID_03455723,
ID_03458283,
ID_03481323,
ID_03483883,
ID_03500523,
ID_03535083,
ID_03541483,
ID_03547883,
ID_03561963,
ID_03640043,
ID_03651563,
ID_03654123,
ID_03677163,
ID_03688683,
ID_03706603,
ID_03728363,
ID_03774443,
ID_03778283,
ID_03794923,
ID_03841003,
ID_03884523,
ID_03925483,
ID_03971563,
ID_03979243,
ID_03994603,
ID_04006123,
ID_04022763,
ID_04025323,
ID_04040683,
ID_04086763,
ID_04091883,
ID_04109803,
ID_04114923,
ID_04116203,
ID_04127723,
ID_04130283,
ID_04164843,
ID_04185323,
ID_04193003,
ID_04201963,
ID_04218603,
ID_04262123,
ID_04268523,
ID_04273643,
ID_04312043,
ID_04328683,
ID_04335083,
ID_04365803,
ID_04367083,
ID_04411883,
ID_04459243,
ID_04461803,
ID_04513003,
ID_04524523,
ID_04606443,
ID_04639723,
ID_04664043,
ID_04710123,
ID_04740843,
ID_04775403,
ID_04809963,
ID_04821483,
ID_04827883,
ID_04834283,
ID_04868843,
ID_04891883,
ID_04926443,
ID_04952043,
ID_04991723,
ID_05009643,
ID_05072363,
ID_05090283,
ID_05095403,
ID_05099243,
ID_05108203,
ID_05110763,
ID_05119723,
ID_05196523,
ID_05223403,
ID_05237483,
ID_05246443,
ID_05419243,
ID_05424363,
ID_05497323,
ID_05505003,
ID_05508843,
ID_05540843,
ID_05543403,
ID_05562603,
ID_05575403,
ID_05608683,
ID_05635563,
ID_05679083,
ID_05702123,
ID_05709803,
ID_05732843,
ID_05745643,
ID_05755883,
ID_05776363,
ID_05929963,
ID_05938923,
ID_05941483,
ID_05950443,
ID_05964523,
ID_05987563,
ID_06010603,
ID_06031083,
ID_06061803,
ID_06064363,
ID_06084843,
ID_06171883,
ID_06212843,
ID_06257643,
ID_06261483,
ID_06281963,
ID_06303723,
ID_06385643,
ID_06406123,
ID_06445803,
ID_06454763,
ID_06477803,
ID_06485483,
ID_06512363,
ID_06599403,
ID_06610923,
ID_06622443,
ID_06633963,
ID_06667243,
ID_06703083,
ID_06708203,
ID_06717163,
ID_06751723,
ID_06791403,
ID_06818283,
ID_06827243,
ID_06872043,
ID_06873323,
ID_06898923,
ID_06919403,
ID_06921963,
ID_06952683,
ID_07019243,
ID_07034603,
ID_07037163,
ID_07039723,
ID_07046123,
ID_07048683,
ID_07057643,
ID_07089643,
ID_07115243,
ID_07135723,
ID_07138283,
ID_07145963,
ID_07169003,
ID_07193323,
ID_07224043,
ID_07241963,
ID_07293163,
ID_07304683,
ID_07368683,
ID_07400683,
ID_07409643,
ID_07483883,
ID_07573483,
ID_07585003,
ID_07591403,
ID_07628523,
ID_07663083,
ID_07764203,
ID_07773163,
ID_07783403,
ID_07803883,
ID_07829483,
ID_07853803,
ID_07876843,
ID_07902443,
ID_07992043,
ID_08015083,
ID_08045803,
ID_08057323,
ID_08080363,
ID_08176363,
ID_08185323,
ID_08219883,
ID_08239083,
ID_08277483,
ID_08285163,
ID_08331243,
ID_08355563,
ID_08363243,
ID_08424683,
ID_08438763,
ID_08450283,
ID_08461803,
ID_08516843,
ID_08577003,
ID_08591083,
ID_08614123,
ID_08617963,
ID_08649963,
ID_08683243,
ID_08752363,
ID_08868843,
ID_08894443,
ID_08926443,
ID_08984043,
ID_08989163,
ID_09021163,
ID_09062123,
ID_09064683,
ID_09099243,
ID_09104363,
ID_09117163,
ID_09150443,
ID_09223403,
ID_09243883,
ID_09304043,
ID_09310443,
ID_09315563,
ID_09336043,
ID_09373163,
ID_09391083,
ID_09393643,
ID_09401323,
ID_09405163,
ID_09416683,
ID_09467883,
ID_09520363,
ID_09529323,
ID_09537003,
ID_09538283,
ID_09560043,
ID_09572843,
ID_09577963,
ID_09598443,
ID_09704683,
ID_09718763,
ID_09725163,
ID_09776363,
ID_09787883,
ID_09799403,
ID_09805803,
ID_09946603,
ID_09958123,
ID_09961963,
ID_09981163,
ID_09985003,
ID_10015723,
ID_10056683,
ID_10061803,
ID_10119403,
ID_10203883,
ID_10247403,
ID_10289643,
ID_10296043,
ID_10316523,
ID_10362603,
ID_10454763,
ID_10475243,
ID_10482923,
ID_10495723,
ID_10540523,
ID_10541803,
ID_10590443,
ID_10687723,
ID_10694123,
ID_10703083,
ID_10722283,
ID_10768363,
ID_10792683,
ID_10838763,
ID_10864363,
ID_10873323,
ID_10893803,
ID_10953963,
ID_10961643,
ID_10965483,
ID_10988523,
ID_11002603,
ID_11158763,
ID_11170283,
ID_11239403,
ID_11343083,
ID_11372523,
ID_11405803,
ID_11409643,
ID_11467243,
ID_11472363,
ID_11506923,
ID_11547883,
ID_11576043,
ID_11634923,
ID_11649003,
ID_11674603,
ID_11688683,
ID_11734763,
ID_11787243,
ID_11789803,
ID_11816683,
ID_11819243,
ID_11844843,
ID_11876843,
ID_11916523,
ID_11954923,
ID_11962603,
ID_12003563,
ID_12031723,
ID_12047083,
ID_12079083,
ID_12084203,
ID_12148203,
ID_12169963,
ID_12259563,
ID_12263403,
ID_12272363,
ID_12282603,
ID_12295403,
ID_12309483,
ID_12318443,
ID_12445163,
ID_12450283,
ID_12468203,
ID_12510443,
ID_12523243,
ID_12539883,
ID_12603883,
ID_12649963,
ID_12698603,
ID_12705003,
ID_12738283,
ID_12799723,
ID_12841963,
ID_12897003,
ID_12914923,
ID_12961003,
ID_13000683,
ID_13004523,
ID_13067243,
ID_13073643,
ID_13076203,
ID_13101803,
ID_13110763,
ID_13140203,
ID_13223403,
ID_13225963,
ID_13263083,
ID_13275883,
ID_13304043,
ID_13306603,
ID_13423083,
ID_13448683,
ID_13467883,
ID_13469163,
ID_13479403,
ID_13506283,
ID_13515243,
ID_13520363,
ID_13586923,
ID_13595883,
ID_13604843,
ID_13615083,
ID_13649643,
ID_13662443,
ID_13676523,
ID_13688043,
ID_13730283,
ID_13741803,
ID_13768683,
ID_13785323,
ID_13789163,
ID_13817323,
ID_13842923,
ID_13854443,
ID_13889003,
ID_13897963,
ID_13900523,
ID_13906923,
ID_13912043,
ID_13913323,
ID_13927403,
ID_13990123,
ID_14059243,
ID_14128363,
ID_14141163,
ID_14152683,
ID_14178283,
ID_14194923,
ID_14203883,
ID_14252523,
ID_14273003,
ID_14288363,
ID_14313963,
ID_14322923,
ID_14339563,
ID_14351083,
ID_14454763,
ID_14480363,
ID_14549483,
ID_14562283,
ID_14599403,
ID_14630123,
ID_14633963,
ID_14645483,
ID_14719723,
ID_14723563,
ID_14735083,
ID_14737643,
ID_14788843,
ID_14806763,
ID_14827243,
ID_14869483,
ID_14928363,
ID_14988523,
ID_15006443,
ID_15009003,
ID_15074283,
ID_15152363,
ID_15181803,
ID_15188203,
ID_15190763,
ID_15236843,
ID_15245803,
ID_15313643,
ID_15325163,
ID_15398123,
ID_15403243,
ID_15439083,
ID_15496683,
ID_15556843,
ID_15614443,
ID_15631083,
ID_15666923,
ID_15706603,
ID_15709163,
ID_15746283,
ID_15766763,
ID_15784683,
ID_15805163,
ID_15828203,
ID_15830763,
ID_15835883,
ID_15839723,
ID_15851243,
ID_15858923,
ID_15951083,
ID_15952363,
ID_15974123,
ID_15977963,
ID_16012523,
ID_16021483,
ID_16088043,
ID_16111083,
ID_16113643,
ID_16130283,
ID_16132843,
ID_16139243,
ID_16190443,
ID_16196843,
ID_16205803,
ID_16213483,
ID_16222443,
ID_16249323,
ID_16295403,
ID_16387563,
ID_16399083,
ID_16422123,
ID_16493803,
ID_16500203,
ID_16525803,
ID_16601323,
ID_16661483,
ID_16739563,
ID_16770283,
ID_16785643,
ID_16793323,
ID_16820203,
ID_16836843,
ID_16862443,
ID_16889323,
ID_16900843,
ID_16937963,
ID_16998123,
ID_16999403,
ID_17010923,
ID_17016043,
ID_17050603,
ID_17117163,
ID_17227243,
ID_17229803,
ID_17275883,
ID_17341163,
ID_17352683,
ID_17373163,
ID_17396203,
ID_17437163,
ID_17460203,
ID_17469163,
ID_17478123,
ID_17492203,
ID_17520363,
ID_17543403,
ID_17635563,
ID_17639403,
ID_17658603,
ID_17659883,
ID_17662443,
ID_17681643,
ID_17682923,
ID_17685483,
ID_17708523,
ID_17743083,
ID_17892843,
ID_17901803,
ID_17927403,
ID_17968363,
ID_17987563,
ID_17991403,
ID_18002923,
ID_18031083,
ID_18077163,
ID_18095083,
ID_18187243,
ID_18189803,
ID_18201323,
ID_18261483,
ID_18288363,
ID_18299883,
ID_18307563,
ID_18311403,
ID_18365163,
ID_18380523,
ID_18389483,
ID_18412523,
ID_18435563,
ID_18458603,
ID_18461163,
ID_18616043,
ID_18631403,
ID_18663403,
ID_18694123,
ID_18740203,
ID_18744043,
ID_18781163,
ID_18861803,
ID_18901483,
ID_18983403,
ID_19041003,
ID_19043563,
ID_19073003,
ID_19084523,
ID_19101163,
ID_19121643,
ID_19142123,
ID_19144683,
ID_19161323,
ID_19184363,
ID_19207403,
ID_19236843,
ID_19254763,
ID_19317483,
ID_19372523,
ID_19404523,
ID_19439083,
ID_19485163,
ID_19494123,
ID_19517163,
ID_19600363,
ID_19611883,
ID_19634923,
ID_19657963,
ID_19678443,
ID_19713003,
ID_19773163,
ID_19890923,
ID_19952363,
ID_20006123,
ID_20026603,
ID_20067563,
ID_20072683,
ID_20107243,
ID_20118763,
ID_20143083,
ID_20166123,
ID_20191723,
ID_20235243,
ID_20315883,
ID_20350443,
ID_20369643,
ID_20405483,
ID_20415723,
ID_20470763,
ID_20507883,
ID_20546283,
ID_20578283,
ID_20633323,
ID_20656363,
ID_20666603,
ID_20673003,
ID_20675563,
ID_20725483,
ID_20788203,
ID_20790763,
ID_20797163,
ID_20825323,
ID_20861163,
ID_20872683,
ID_20875243,
ID_20932843,
ID_20944363,
ID_20952043,
ID_20987883,
ID_21018603,
ID_21048043,
ID_21076203,
ID_21112043,
ID_21114603,
ID_21172203,
ID_21293803,
ID_21345003,
ID_21359083,
ID_21455083,
ID_21485803,
ID_21616363,
ID_21644523,
ID_21648363,
ID_21659883,
ID_21690603,
ID_21717483,
ID_21720043,
ID_21731563,
ID_21740523,
ID_21748203,
ID_21782763,
ID_21855723,
ID_21887723,
ID_21890283,
ID_21956843,
ID_21965803,
ID_21968363,
ID_22005483,
ID_22127083,
ID_22221803,
ID_22224363,
ID_22296043,
ID_22308843,
ID_22322923,
ID_22366443,
ID_22433003,
ID_22444523,
ID_22481643,
ID_22486763,
ID_22504683,
ID_22605803,
ID_22626283,
ID_22660843,
ID_22683883,
ID_22806763,
ID_22948843,
ID_22971883,
ID_22979563,
ID_22994923,
ID_23029483,
ID_23046123,
ID_23061483,
ID_23066603,
ID_23262443,
ID_23285483,
ID_23294443,
ID_23308523,
ID_23331563,
ID_23384043,
ID_23390443,
ID_23409643,
ID_23427563,
ID_23432683,
ID_23435243,
ID_23448043,
ID_23453163,
ID_23501803,
ID_23517163,
ID_23583723,
ID_23593963,
ID_23617003,
ID_23672043,
ID_23759083,
ID_23764203,
ID_23791083,
ID_23798763,
ID_23844843,
ID_23957483,
ID_23963883,
ID_24018923,
ID_24030443,
ID_24072683,
ID_24085483,
ID_24108523,
ID_24111083,
ID_24118763,
ID_24130283,
ID_24131563,
ID_24134123,
ID_24154603,
ID_24177643,
ID_24200683,
ID_24283883,
ID_24335083,
ID_24431083,
ID_24442603,
ID_24454123,
ID_24493803,
ID_24497643,
ID_24537323,
ID_24574443,
ID_24594923,
ID_24606443,
ID_24610283,
ID_24621803,
ID_24635883,
ID_24638443,
ID_24690923,
ID_24716523,
ID_24733163,
ID_24760043,
ID_24765163,
ID_24774123,
ID_24794603,
ID_24829163,
ID_24849643,
ID_24886763,
ID_24895723,
ID_24903403,
ID_24927723,
ID_24930283,
ID_24962283,
ID_24969963,
ID_25007083,
ID_25010923,
ID_25050603,
ID_25091563,
ID_25109483,
ID_25114603,
ID_25131243,
ID_25132523,
ID_25137643,
ID_25167083,
ID_25177323,
ID_25178603,
ID_25215723,
ID_25250283,
ID_25278443,
ID_25282283,
ID_25289963,
ID_25333483,
ID_25360363,
ID_25362923,
ID_25420523,
ID_25434603,
ID_25446123,
ID_25462763,
ID_25478123,
ID_25510123,
ID_25512683,
ID_25552363,
ID_25567723,
ID_25645803,
ID_25653483,
ID_25657323,
ID_25679083,
ID_25691883,
ID_25725163,
ID_25777643,
ID_25780203,
ID_25844203,
ID_25858283,
ID_25873643,
ID_25915883,
ID_25947883,
ID_25961963,
ID_25973483,
ID_26008043,
ID_26032363,
ID_26054123,
ID_26066923,
ID_26077163,
ID_26088683,
ID_26115563,
ID_26120683,
ID_26155243,
ID_26173163,
ID_26235883,
ID_26247403,
ID_26262763,
ID_26265323,
ID_26293483,
ID_26306283,
ID_26389483,
ID_26394603,
ID_26440683,
ID_26447083,
ID_26467563,
ID_26511083,
ID_26513643,
ID_26525163,
ID_26536683,
ID_26548203,
ID_26567403,
ID_26585323,
ID_26614763,
ID_26622443,
ID_26637803,
ID_26695403,
ID_26706923,
ID_26714603,
ID_26755563,
ID_26801643,
ID_26847723,
ID_26905323,
ID_26939883,
ID_26966763,
ID_27046123,
ID_27047403,
ID_27049963,
ID_27073003,
ID_27089643,
ID_27105003,
ID_27107563,
ID_27112683,
ID_27174123,
ID_27185643,
ID_27206123,
ID_27222763,
ID_27231723,
ID_27257323,
ID_27259883,
ID_27277803,
ID_27332843,
ID_27355883,
ID_27398123,
ID_27444203,
ID_27490283,
ID_27533803,
ID_27706603,
ID_27729643,
ID_27761643,
ID_27765483,
ID_27770603,
ID_27773163,
ID_27796203,
ID_27832043,
ID_27843563,
ID_27857643,
ID_27892203,
ID_27899883,
ID_27926763,
ID_27934443,
ID_27938283,
ID_27984363,
ID_27993323,
ID_28007403,
ID_28094443,
ID_28105963,
ID_28113643,
ID_28157163,
ID_28189163,
ID_28299243,
ID_28336363,
ID_28341483,
ID_28350443,
ID_28399083,
ID_28472043,
ID_28474603,
ID_28491243,
ID_28515563,
ID_28520683,
ID_28538603,
ID_28550123,
ID_28560363,
ID_28573163,
ID_28580843,
ID_28601323,
ID_28606443,
ID_28661483,
ID_28743403,
ID_28780523,
ID_28789483,
ID_28857323,
ID_28872683,
ID_28993003,
ID_29059563,
ID_29190123,
ID_29224683,
ID_29238763,
ID_29243883,
ID_29255403,
ID_29278443,
ID_29328363,
ID_29333483,
ID_29336043,
ID_29351403,
ID_29368043,
ID_29397483,
ID_29556203,
ID_29602283,
ID_29659883,
ID_29668843,
ID_29676523,
ID_29711083,
ID_29749483,
ID_29757163,
ID_29768683,
ID_29777643,
ID_29786603,
ID_29864683,
ID_29869803,
ID_29881323,
ID_29965803,
ID_29968363,
ID_30081003,
ID_30156523,
ID_30205163,
ID_30216683,
ID_30224363,
ID_30248683,
ID_30288363,
ID_30340843,
ID_30470123,
ID_30479083,
ID_30490603,
ID_30541803,
ID_30554603,
ID_30576363,
ID_30577643,
ID_30610923,
ID_30631403,
ID_30649323,
ID_30773483,
ID_30804203,
ID_30882283,
ID_30896363,
ID_30900203,
ID_30955243,
ID_30957803,
ID_30962923,
ID_30974443,
ID_30989803,
ID_31001323,
ID_31012843,
ID_31021803,
ID_31073003,
ID_31142123,
ID_31171563,
ID_31226603,
ID_31282923,
ID_31286763,
ID_31298283,
ID_31317483,
ID_31352043,
ID_31364843,
ID_31376363,
ID_31413483,
ID_31427563,
ID_31465963,
ID_31482603,
ID_31510763,
ID_31514603,
ID_31558123,
ID_31583723,
ID_31615723,
ID_31721963,
ID_31738603,
ID_31745003,
ID_31866603,
ID_31885803,
ID_31933163,
ID_31966443,
ID_31975403,
ID_31977963,
ID_31989483,
ID_31998443,
ID_32108523,
ID_32136683,
ID_32137963,
ID_32143083,
ID_32172523,
ID_32240363,
ID_32283883,
ID_32333803,
ID_32347883,
ID_32422123,
ID_32433643,
ID_32437483,
ID_32451563,
ID_32472043,
ID_32511723,
ID_32515563,
ID_32616683,
ID_32766443,
ID_32786923,
ID_32820203,
ID_32824043,
ID_32875243,
ID_32884203,
ID_32923883,
ID_33025003,
ID_33051883,
ID_33063403,
ID_33072363,
ID_33144043,
ID_33149163,
ID_33242603,
ID_33254123,
ID_33265643,
ID_33287403,
ID_33314283,
ID_33406443,
ID_33446123,
ID_33473003,
ID_33481963,
ID_33484523,
ID_33493483,
ID_33505003,
ID_33519083,
ID_33542123,
ID_33556203,
ID_33567723,
ID_33602283,
ID_33698283,
ID_33703403,
ID_33721323,
ID_33744363,
ID_33746923,
ID_33755883,
ID_33769963,
ID_33800683,
ID_33825003,
ID_33882603,
ID_33901803,
ID_33913323,
ID_33937643,
ID_33960683,
ID_34005483,
ID_34028523,
ID_34041323,
ID_34083563,
ID_34095083,
ID_34101483,
ID_34106603,
ID_34115563,
ID_34121963,
ID_34129643,
ID_34141163,
ID_34177003,
ID_34193643,
ID_34210283,
ID_34230763,
ID_34294763,
ID_34306283,
ID_34345963,
ID_34349803,
ID_34361323,
ID_34369003,
ID_34380523,
ID_34392043,
ID_34438123,
ID_34439403,
ID_34447083,
ID_34462443,
ID_34472683,
ID_34484203,
ID_34557163,
ID_34655723,
ID_34697963,
ID_34700523,
ID_34715883,
ID_34747883,
ID_34750443,
ID_34825963,
ID_34840043,
ID_34859243,
ID_34870763,
ID_34905323,
ID_34909163,
ID_34920683,
ID_34983403,
ID_34994923,
ID_35010283,
ID_35070443,
ID_35079403,
ID_35088363,
ID_35090923,
ID_35116523,
ID_35148523,
ID_35157483,
ID_35249643,
ID_35280363,
ID_35281643,
ID_35295723,
ID_35307243,
ID_35407083,
ID_35419883,
ID_35457003,
ID_35465963,
ID_35512043,
ID_35514603,
ID_35567083,
ID_35627243,
ID_35636203,
ID_35693803,
ID_35725803,
ID_35728363,
ID_35768043,
ID_35777003,
ID_35805163,
ID_35834603,
ID_35869163,
ID_35976683,
ID_35988203,
ID_35990763,
ID_36002283,
ID_36022763,
ID_36039403,
ID_36044523,
ID_36050923,
ID_36059883,
ID_36099563,
ID_36108523,
ID_36120043,
ID_36181483,
ID_36191723,
ID_36204523,
ID_36237803,
ID_36241643,
ID_36262123,
ID_36287723,
ID_36308203,
ID_36336363,
ID_36393963,
ID_36408043,
ID_36411883,
ID_36419563,
ID_36420843,
ID_36443883,
ID_36469483,
ID_36504043,
ID_36524523,
ID_36538603,
ID_36546283,
ID_36598763,
ID_36624363,
ID_36660203,
ID_36670443,
ID_36685803,
ID_36690923,
ID_36697323,
ID_36751083,
ID_36763883,
ID_36817643,
ID_36852203,
ID_36856043,
ID_36875243,
ID_36890603,
ID_36945643,
ID_37001963,
ID_37010923,
ID_37091563,
ID_37103083,
ID_37109483,
ID_37138923,
ID_37141483,
ID_37158123,
ID_37161963,
ID_37185003,
ID_37296363,
ID_37307883,
ID_37309163,
ID_37314283,
ID_37320683,
ID_37325803,
ID_37342443,
ID_37353963,
ID_37406443,
ID_37441003,
ID_37446123,
ID_37481963,
ID_37489643,
ID_37558763,
ID_37576683,
ID_37585643,
ID_37639403,
ID_37640683,
ID_37645803,
ID_37654763,
ID_37682923,
ID_37717483,
ID_37763563,
ID_37775083,
ID_37790443,
ID_37809643,
ID_37848043,
ID_37864683,
ID_37867243,
ID_37919723,
ID_37933803,
ID_37940203,
ID_37974763,
ID_38037483,
ID_38041323,
ID_38050283,
ID_38072043,
ID_38083563,
ID_38104043,
ID_38119403,
ID_38150123,
ID_38184683,
ID_38220523,
ID_38237163,
ID_38331883,
ID_38347243,
ID_38363883,
ID_38441963,
ID_38497003,
ID_38517483,
ID_38522603,
ID_38617323,
ID_38632683,
ID_38649323,
ID_38653163,
ID_38764523,
ID_38770923,
ID_38776043,
ID_38791403,
ID_38828523,
ID_38833643,
ID_38865643,
ID_38868203,
ID_38952683,
ID_38998763,
ID_39021803,
ID_39044843,
ID_39113963,
ID_39153643,
ID_39169003,
ID_39171563,
ID_39177963,
ID_39192043,
ID_39258603,
ID_39275243,
ID_39289323,
ID_39323883,
ID_39353323,
ID_39358443,
ID_39362283,
ID_39371243,
ID_39448043,
ID_39462123,
ID_39505643,
ID_39523563,
ID_39620843,
ID_39655403,
ID_39659243,
ID_39668203,
ID_39716843,
ID_39751403,
ID_39762923,
ID_39765483,
ID_39806443,
ID_39984363,
ID_40057323,
ID_40112363,
ID_40122603,
ID_40129003,
ID_40145643,
ID_40193003,
ID_40258283,
ID_40331243,
ID_40333803,
ID_40347883,
ID_40379883,
ID_40396523,
ID_40423403,
ID_40555243,
ID_40578283,
ID_40593643,
ID_40612843,
ID_40692203,
ID_40760043,
ID_40780523,
ID_40806123,
ID_40809963,
ID_40830443,
ID_40847083,
ID_40904683,
ID_40954603,
ID_40994283,
ID_41000683,
ID_41003243,
ID_41014763,
ID_41074923,
ID_41077483,
ID_41193963,
ID_41231083,
ID_41274603,
ID_41291243,
ID_41348843,
ID_41364203,
ID_41375723,
ID_41380843,
ID_41401323,
ID_41412843,
ID_41490923,
ID_41521643,
ID_41548523,
ID_41594603,
ID_41603563,
ID_41615083,
ID_41649643,
ID_41672683,
ID_41675243,
ID_41694443,
ID_41705963,
ID_41712363,
ID_41721323,
ID_41749483,
ID_41772523,
ID_41801963,
ID_41807083,
ID_41833963,
ID_41853163,
ID_41899243,
ID_41977323,
ID_41988843,
ID_42000363,
ID_42006763,
ID_42015723,
ID_42023403,
ID_42027243,
ID_42127083,
ID_42136043,
ID_42142443,
ID_42159083,
ID_42188523,
ID_42193643,
ID_42225643,
ID_42248683,
ID_42262763,
ID_42274283,
ID_42275563,
ID_42280683,
ID_42303723,
ID_42329323,
ID_42379243,
ID_42409963,
ID_42416363,
ID_42467563,
ID_42471403,
ID_42476523,
ID_42559723,
ID_42575083,
ID_42630123,
ID_42640363,
ID_42649323,
ID_42701803,
ID_42722283,
ID_42741483,
ID_42777323,
ID_42788843,
ID_42854123,
ID_42868203,
ID_42869483,
ID_42877163,
ID_42932203,
ID_43070443,
ID_43175403,
ID_43198443,
ID_43220203,
ID_43233003,
ID_43252203,
ID_43313643,
ID_43348203,
ID_43376363,
ID_43382763,
ID_43419883,
ID_43489003,
ID_43512043,
ID_43564523,
ID_43572203,
ID_43610603,
ID_43615723,
ID_43677163,
ID_43702763,
ID_43733483,
ID_43748843,
ID_43760363,
ID_43783403,
ID_43788523,
ID_43794923,
ID_43873003,
ID_43881963,
ID_43896043,
ID_43928043,
ID_43930603,
ID_43953643,
ID_43972843,
ID_43988203,
ID_44062443,
ID_44086763,
ID_44108523,
ID_44144363,
ID_44186603,
ID_44189163,
ID_44207083,
ID_44216043,
ID_44232683,
ID_44236523,
ID_44314603,
ID_44317163,
ID_44326123,
ID_44359403,
ID_44360683,
ID_44374763,
ID_44382443,
ID_44397803,
ID_44405483,
ID_44452843,
ID_44510443,
ID_44518123,
ID_44521963,
ID_44545003,
ID_44553963,
ID_44577003,
ID_44579563,
ID_44642283,
ID_44646123,
ID_44667883,
ID_44676843,
ID_44770283,
ID_44816363,
ID_44849643,
ID_44856043,
ID_44893163,
ID_44973803,
ID_44977643,
ID_44989163,
ID_45021163,
ID_45058283,
ID_45077483,
ID_45100523,
ID_45178603,
ID_45199083,
ID_45217003,
ID_45237483,
ID_45247723,
ID_45251563,
ID_45260523,
ID_45272043,
ID_45282283,
ID_45352683,
ID_45410283,
ID_45412843,
ID_45525483,
ID_45556203,
ID_45649643,
ID_45668843,
ID_45735403,
ID_45750763,
ID_45776363,
ID_45831403,
ID_45839083,
ID_45865963,
ID_45868523,
ID_45903083,
ID_45931243,
ID_45942763,
ID_45972203,
ID_45974763,
ID_46000363,
ID_46004203,
ID_46029803,
ID_46105323,
ID_46188523,
ID_46251243,
ID_46312683,
ID_46358763,
ID_46444523,
ID_46459883,
ID_46514923,
ID_46595563,
ID_46637803,
ID_46653163,
ID_46687723,
ID_46722283,
ID_46750443,
ID_46895083,
ID_46934763,
ID_46955243,
ID_46959083,
ID_46966763,
ID_47001323,
ID_47016683,
ID_47037163,
ID_47048683,
ID_47065323,
ID_47125483,
ID_47129323,
ID_47139563,
ID_47177963,
ID_47226603,
ID_47247083,
ID_47263723,
ID_47288043,
ID_47295723,
ID_47299563,
ID_47309803,
ID_47336683,
ID_47376363,
ID_47449323,
ID_47468523,
ID_47486443,
ID_47492843,
ID_47504363,
ID_47550443,
ID_47619563,
ID_47661803,
ID_47720683,
ID_47737323,
ID_47753963,
ID_47757803,
ID_47778283,
ID_47803883,
ID_47835883,
ID_47887083,
ID_47889643,
ID_47912683,
ID_47935723,
ID_47962603,
ID_47999723,
ID_48006123,
ID_48163563,
ID_48210923,
ID_48213483,
ID_48218603,
ID_48225003,
ID_48322283,
ID_48369643,
ID_48460523,
ID_48473323,
ID_48556523,
ID_48619243,
ID_48637163,
ID_48662763,
ID_48676843,
ID_48688363,
ID_48701163,
ID_48706283,
ID_48784363,
ID_48816363,
ID_48825323,
ID_48847083,
ID_48850923,
ID_48929003,
ID_49009643,
ID_49053163,
ID_49078763,
ID_49104363,
ID_49121003,
ID_49147883,
ID_49167083,
ID_49170923,
ID_49173483,
ID_49196523,
ID_49311723,
ID_49352683,
ID_49419243,
ID_49473003,
ID_49531883,
ID_49599723,
ID_49603563,
ID_49635563,
ID_49647083,
ID_49661163,
ID_49684203,
ID_49713643,
ID_49727723,
ID_49782763,
ID_49785323,
ID_49796843,
ID_49810923,
ID_49940203,
ID_49963243,
ID_50004203,
ID_50020843,
ID_50047723,
ID_50079723,
ID_50082283,
ID_50110443,
ID_50121963,
ID_50169323,
ID_50229483,
ID_50381803,
ID_50418923,
ID_50436843,
ID_50445803,
ID_50448363,
ID_50466283,
ID_50480363,
ID_50489323,
ID_50499563,
ID_50543083,
ID_50705643,
ID_50750443,
ID_50751723,
ID_50777323,
ID_50802923,
ID_50897643,
ID_50910443,
ID_50938603,
ID_50941163,
ID_50947563,
ID_50989803,
ID_51117803,
ID_51145963,
ID_51171563,
ID_51189483,
ID_51276523,
ID_51334123,
ID_51336683,
ID_51399403,
ID_51417323,
ID_51445483,
ID_51492843,
ID_51561963,
ID_51593963,
ID_51720683,
ID_51764203,
ID_51778283,
ID_51780843,
ID_51797483,
ID_51820523,
ID_51843563,
ID_51889643,
ID_51910123,
ID_51985643,
ID_52029163,
ID_52052203,
ID_52089323,
ID_52118763,
ID_52130283,
ID_52176363,
ID_52230123,
ID_52245483,
ID_52322283,
ID_52372203,
ID_52377323,
ID_52411883,
ID_52441323,
ID_52446443,
ID_52459243,
ID_52515563,
ID_52562923,
ID_52565483,
ID_52588523,
ID_52712683,
ID_52733163,
ID_52777963,
ID_52821483,
ID_52848363,
ID_52885483,
ID_52905963,
ID_52917483,
ID_52961003,
ID_52963563,
ID_52998123,
ID_53007083,
ID_53037803,
ID_53081323,
ID_53095403,
ID_53119723,
ID_53176043,
ID_53214443,
ID_53222123,
ID_53234923,
ID_53277163,
ID_53323243,
ID_53334763,
ID_53347563,
ID_53421803,
ID_53424363,
ID_53473003,
ID_53479403,
ID_53522923,
ID_53539563,
ID_53566443,
ID_53790443,
ID_53882603,
ID_53894123,
ID_53972203,
ID_53990123,
ID_54010603,
ID_54045163,
ID_54054123,
ID_54075883,
ID_54105323,
ID_54162923,
ID_54183403,
ID_54235883,
ID_54264043,
ID_54326763,
ID_54328043,
ID_54353643,
ID_54427883,
ID_54436843,
ID_54463723,
ID_54486763,
ID_54543083,
ID_54558443,
ID_54581483,
ID_54613483,
ID_54644203,
ID_54701803,
ID_54756843,
ID_54765803,
ID_54770923,
ID_54777323,
ID_54783723,
ID_54788843,
ID_54809323,
ID_54820843,
ID_54849003,
ID_54895083,
ID_54919403,
ID_54979563,
ID_54998763,
ID_55056363,
ID_55115243,
ID_55138283,
ID_55158763,
ID_55169003,
ID_55180523,
ID_55181803,
ID_55218923,
ID_55241963,
ID_55276523,
ID_55284203,
ID_55304683,
ID_55350763,
ID_55389163,
ID_55396843,
ID_55421163,
ID_55469803,
ID_55472363,
ID_55489003,
ID_55570923,
ID_55602923,
ID_55605483,
ID_55654123,
ID_55672043,
ID_55686123,
ID_55697643,
ID_55760363,
ID_55787243,
ID_55794923,
ID_55815403,
ID_55833323,
ID_55844843,
ID_55905003,
ID_55962603,
ID_56146923,
ID_56213483,
ID_56219883,
ID_56259563,
ID_56319723,
ID_56358123,
ID_56473323,
ID_56559083,
ID_56574443,
ID_56588523,
ID_56611563,
ID_56628203,
ID_56643563,
ID_56648683,
ID_56666603,
ID_56671723,
ID_56703723,
ID_56717803,
ID_56744683,
ID_56798443,
ID_56804843,
ID_56836843,
ID_56926443,
ID_56957163,
ID_57012203,
ID_57018603,
ID_57064683,
ID_57083883,
ID_57214443,
ID_57240043,
ID_57257963,
ID_57265643,
ID_57283563,
ID_57304043,
ID_57320683,
ID_57332203,
ID_57378283,
ID_57416683,
ID_57462763,
ID_57474283,
ID_57531883,
ID_57629163,
ID_57630443,
ID_57759723,
ID_57858283,
ID_57886443,
ID_57904363,
ID_57985003,
ID_58015723,
ID_58027243,
ID_58047723,
ID_58054123,
ID_58061803,
ID_58091243,
ID_58109163,
ID_58120683,
ID_58137323,
ID_58142443,
ID_58169323,
ID_58201323,
ID_58215403,
ID_58220523,
ID_58301163,
ID_58316523,
ID_58351083,
ID_58406123,
ID_58413803,
ID_58463723,
ID_58480363,
ID_58532843,
ID_58553323,
ID_58563563,
ID_58601963,
ID_58607083,
ID_58609643,
ID_58630123,
ID_58737643,
ID_58802923,
ID_58815723,
ID_58864363,
ID_58872043,
ID_58884843,
ID_58898923,
ID_58956523,
ID_58965483,
ID_59014123,
ID_59042283,
ID_59043563,
ID_59046123,
ID_59094763,
ID_59154923,
ID_59177963,
ID_59218923,
ID_59297003,
ID_59304683,
ID_59320043,
ID_59336683,
ID_59354603,
ID_59409643,
ID_59430123,
ID_59440363,
ID_59458283,
ID_59481323,
ID_59486443,
ID_59490283,
ID_59579883,
ID_59587563,
ID_59599083,
ID_59637483,
ID_59656683,
ID_59683563,
ID_59732203,
ID_59775723,
ID_59803883,
ID_59810283,
ID_59844843,
ID_59885803,
ID_59911403,
ID_59913963,
ID_59937003,
ID_59989483,
ID_60008683,
ID_60015083,
ID_60031723,
ID_60066283,
ID_60093163,
ID_60112363,
ID_60113643,
ID_60162283,
ID_60193003,
ID_60196843,
ID_60216043,
ID_60265963,
ID_60329963,
ID_60335083,
ID_60341483,
ID_60369643,
ID_60374763,
ID_60390123,
ID_60401643,
ID_60420843,
ID_60468203,
ID_60548843,
ID_60560363,
ID_60571883,
ID_60592363,
ID_60603883,
ID_60625643,
ID_60637163,
ID_60652523,
ID_60666603,
ID_60698603,
ID_60715243,
ID_60724203,
ID_60761323,
ID_60767723,
ID_60772843,
ID_60854763,
ID_60966123,
ID_60981483,
ID_60993003,
ID_61000683,
ID_61016043,
ID_61023723,
ID_61025003,
ID_61048043,
ID_61085163,
ID_61101803,
ID_61104363,
ID_61127403,
ID_61168363,
ID_61177323,
ID_61217003,
ID_61225963,
ID_61228523,
ID_61297643,
ID_61378283,
ID_61382123,
ID_61398763,
ID_61492203,
ID_61525483,
ID_61563883,
ID_61621483,
ID_61734123,
ID_61768683,
ID_61777643,
ID_61837803,
ID_61923563,
ID_61946603,
ID_61958123,
ID_61978603,
ID_61993963,
ID_62005483,
ID_62065643,
ID_62070763,
ID_62082283,
ID_62123243,
ID_62166763,
ID_62209003,
ID_62212843,
ID_62215403,
ID_62220523,
ID_62226923,
ID_62243563,
ID_62278123,
ID_62313963,
ID_62321643,
ID_62333163,
ID_62357483,
ID_62390763,
ID_62406123,
ID_62408683,
ID_62417643,
ID_62514923,
ID_62544363,
ID_62596843,
ID_62599403,
ID_62608363,
ID_62625003,
ID_62631403,
ID_62676203,
ID_62783723,
ID_62836203,
ID_62857963,
ID_62864363,
ID_62870763,
ID_62884843,
ID_62916843,
ID_62928363,
ID_62942443,
ID_63016683,
ID_63023083,
ID_63046123,
ID_63055083,
ID_63149803,
ID_63181803,
ID_63291883,
ID_63314923,
ID_63326443,
ID_63336683,
ID_63359723,
ID_63363563,
ID_63407083,
ID_63412203,
ID_63446763,
ID_63487723,
ID_63508203,
ID_63565803,
ID_63577323,
ID_63625963,
ID_63665643,
ID_63711723,
ID_63747563,
ID_63757803,
ID_63784683,
ID_63792363,
ID_63805163,
ID_63815403,
ID_63830763,
ID_63849963,
ID_63865323,
ID_63905003,
ID_63939563,
ID_63975403,
ID_63989483,
ID_64003563,
ID_64015083,
ID_64033003,
ID_64093163,
ID_64116203,
ID_64159723,
ID_64190443,
ID_64237803,
ID_64249323,
ID_64295403,
ID_64305643,
ID_64314603,
ID_64321003,
ID_64441323,
ID_64487403,
ID_64548843,
ID_64597483,
ID_64615403,
ID_64649963,
ID_64658923,
ID_64692203,
ID_64701163,
ID_64747243,
ID_64820203,
ID_64840683,
ID_64873963,
ID_64917483,
ID_64946923,
ID_64961003,
ID_65027563,
ID_65036523,
ID_65050603,
ID_65082603,
ID_65105643,
ID_65117163,
ID_65137643,
ID_65186283,
ID_65191403,
ID_65243883,
ID_65287403,
ID_65292523,
ID_65307883,
ID_65338603,
ID_65402603,
ID_65437163,
ID_65529323,
ID_65572843,
ID_65673963,
ID_65697003,
ID_65708523,
ID_65740523,
ID_65745643,
ID_65762283,
ID_65775083,
ID_65819883,
ID_65858283,
ID_65883883,
ID_65947883,
ID_65967083,
ID_65968363,
ID_65985003,
ID_65990123,
ID_66047723,
ID_66054123,
ID_66060523,
ID_66068203,
ID_66148843,
ID_66157803,
ID_66171883,
ID_66196203,
ID_66256363,
ID_66270443,
ID_66321643,
ID_66339563,
ID_66415083,
ID_66417643,
ID_66420203,
ID_66434283,
ID_66440683,
ID_66458603,
ID_66475243,
ID_66504683,
ID_66523883,
ID_66526443,
ID_66541803,
ID_66573803,
ID_66585323,
ID_66636523,
ID_66639083,
ID_66703083,
ID_66714603,
ID_66749163,
ID_66777323,
ID_66804203,
ID_66815723,
ID_66818283,
ID_66855403,
ID_66873323,
ID_66891243,
ID_66913003,
ID_66956523,
ID_66970603,
ID_66985963,
ID_67032043,
ID_67080683,
ID_67083243,
ID_67121643,
ID_67144683,
ID_67190763,
ID_67230443,
ID_67280363,
ID_67285483,
ID_67303403,
ID_67317483,
ID_67380203,
ID_67409643,
ID_67453163,
ID_67504363,
ID_67527403,
ID_67565803,
ID_67619563,
ID_67625963,
ID_67631083,
ID_67718123,
ID_67724523,
ID_67747563,
ID_67759083,
ID_67770603,
ID_67805163,
ID_67847403,
ID_67851243,
ID_67862763,
ID_67871723,
ID_67876843,
ID_68007403,
ID_68033003,
ID_68056043,
ID_68072683,
ID_68203243,
ID_68228843,
ID_68258283,
ID_68263403,
ID_68295403,
ID_68315883,
ID_68353003,
ID_68392683,
ID_68408043,
ID_68438763,
ID_68463083,
ID_68474603,
ID_68486123,
ID_68516843,
ID_68519403,
ID_68532203,
ID_68565483,
ID_68666603,
ID_68748523,
ID_68753643,
ID_68820203,
ID_68909803,
ID_68917483,
ID_68918763,
ID_68923883,
ID_68940523,
ID_68952043,
ID_68955883,
ID_68981483,
ID_68990443,
ID_69007083,
ID_69169643,
ID_69177323,
ID_69197803,
ID_69283563,
ID_69359083,
ID_69388523,
ID_69442283,
ID_69446123,
ID_69503723,
ID_69508843,
ID_69547243,
ID_69572843,
ID_69616363,
ID_69641963,
ID_69650923,
ID_69681643,
ID_69682923,
ID_69705963,
ID_69713643,
ID_69851883,
ID_69883883,
ID_69944043,
ID_69959403,
ID_70072043,
ID_70102763,
ID_70106603,
ID_70123243,
ID_70137323,
ID_70155243,
ID_70157803,
ID_70207723,
ID_70219243,
ID_70238443,
ID_70244843,
ID_70354923,
ID_70513643,
ID_70527723,
ID_70532843,
ID_70550763,
ID_70555883,
ID_70753003,
ID_70774763,
ID_70799083,
ID_70810603,
ID_70847723,
ID_70864363,
ID_70919403,
ID_70921963,
ID_70957803,
ID_71000043,
ID_71034603,
ID_71052523,
ID_71071723,
ID_71075563,
ID_71103723,
ID_71142123,
ID_71172843,
ID_71174123,
ID_71179243,
ID_71243243,
ID_71282923,
ID_71300843,
ID_71303403,
ID_71400683,
ID_71413483,
ID_71453163,
ID_71455723,
ID_71471083,
ID_71504363,
ID_71522283,
ID_71538923,
ID_71547883,
ID_71588843,
ID_71674603,
ID_71732203,
ID_71752683,
ID_71770603,
ID_71833323,
ID_71846123,
ID_71857643,
ID_71871723,
ID_71894763,
ID_71903723,
ID_71948523,
ID_71971563,
ID_71983083,
ID_72030443,
ID_72038123,
ID_72111083,
ID_72125163,
ID_72130283,
ID_72176363,
ID_72254443,
ID_72258283,
ID_72281323,
ID_72312043,
ID_72335083,
ID_72346603,
ID_72347883,
ID_72359403,
ID_72382443,
ID_72424683,
ID_72470763,
ID_72497643,
ID_72569323,
ID_72585963,
ID_72589803,
ID_72609003,
ID_72610283,
ID_72655083,
ID_72656363,
ID_72670443,
ID_72675563,
ID_72698603,
ID_72820203,
ID_72825323,
ID_72836843,
ID_72848363,
ID_72861163,
ID_72875243,
ID_72898283,
ID_72967403,
ID_72973803,
ID_72995563,
ID_73001963,
ID_73010923,
ID_73033963,
ID_73054443,
ID_73065963,
ID_73068523,
ID_73131243,
ID_73281003,
ID_73353963,
ID_73359083,
ID_73370603,
ID_73423083,
ID_73451243,
ID_73455083,
ID_73533163,
ID_73535723,
ID_73575403,
ID_73648363,
ID_73656043,
ID_73679083,
ID_73691883,
ID_73714923,
ID_73729003,
ID_73775083,
ID_73805803,
ID_73858283,
ID_73876203,
ID_73896683,
ID_73929963,
ID_73973483,
ID_73999083,
ID_74014443,
ID_74057963,
ID_74065643,
ID_74072043,
ID_74081003,
ID_74104043,
ID_74113003,
ID_74115563,
ID_74136043,
ID_74147563,
ID_74157803,
ID_74207723,
ID_74212843,
ID_74230763,
ID_74233323,
ID_74258923,
ID_74262763,
ID_74369003,
ID_74443243,
ID_74536683,
ID_74610923,
ID_74636523,
ID_74654443,
ID_74718443,
ID_74787563,
ID_74831083,
ID_74887403,
ID_74898923,
ID_74925803,
ID_74942443,
ID_74946283,
ID_74980843,
ID_74992363,
ID_75003883,
ID_75023083,
ID_75101163,
ID_75105003,
ID_75199723,
ID_75211243,
ID_75254763,
ID_75277803,
ID_75291883,
ID_75294443,
ID_75326443,
ID_75343083,
ID_75381483,
ID_75448043,
ID_75457003,
ID_75478763,
ID_75501803,
ID_75524843,
ID_75559403,
ID_75572203,
ID_75614443,
ID_75683563,
ID_75830763,
ID_75846123,
ID_75885803,
ID_75903723,
ID_75949803,
ID_75952363,
ID_75977963,
ID_75995883,
ID_76021483,
ID_76030443,
ID_76050923,
ID_76140523,
ID_76223723,
ID_76228843,
ID_76265963,
ID_76269803,
ID_76274923,
ID_76283883,
ID_76289003,
ID_76290283,
ID_76361963,
ID_76401643,
ID_76414443,
ID_76482283,
ID_76491243,
ID_76523243,
ID_76560363,
ID_76578283,
ID_76587243,
ID_76596203,
ID_76617963,
ID_76621803,
ID_76624363,
ID_76664043,
ID_76667883,
ID_76681963,
ID_76684523,
ID_76734443,
ID_76751083,
ID_76815083,
ID_76849643,
ID_76861163,
ID_76921323,
ID_76976363,
ID_77008363,
ID_77027563,
ID_77050603,
ID_77057003,
ID_77108203,
ID_77114603,
ID_77132523,
ID_77137643,
ID_77154283,
ID_77155563,
ID_77177323,
ID_77218283,
ID_77270763,
ID_77301483,
ID_77305323,
ID_77429483,
ID_77535723,
ID_77556203,
ID_77572843,
ID_77576683,
ID_77598443,
ID_77633003,
ID_77673963,
ID_77685483,
ID_77722603,
ID_77758443,
ID_77781483,
ID_77823723,
ID_77839083,
ID_77873643,
ID_77908203,
ID_77927403,
ID_77950443,
ID_77961963,
ID_78008043,
ID_78032363,
ID_78042603,
ID_78262763,
ID_78348523,
ID_78453483,
ID_78463723,
ID_78513643,
ID_78534123,
ID_78576363,
ID_78580203,
ID_78633963,
ID_78637803,
ID_78645483,
ID_78658283,
ID_78677483,
ID_78691563,
ID_78706923,
ID_78769643,
ID_78787563,
ID_78840043,
ID_78863083,
ID_78896363,
ID_78900203,
ID_78905323,
ID_78930923,
ID_78934763,
ID_78974443,
ID_79043563,
ID_79067883,
ID_79096043,
ID_79133163,
ID_79144683,
ID_79167723,
ID_79208683,
ID_79332843,
ID_79355883,
ID_79375083,
ID_79376363,
ID_79413483,
ID_79418603,
ID_79448043,
ID_79491563,
ID_79523563,
ID_79574763,
ID_79595243,
ID_79646443,
ID_79652843,
ID_79710443,
ID_79784683,
ID_79785963,
ID_79809003,
ID_79819243,
ID_79832043,
ID_79842283,
ID_79862763,
ID_79897323,
ID_79915243,
ID_79954923,
ID_79961323,
ID_79977963,
ID_79993323,
ID_80016363,
ID_80048363,
ID_80062443,
ID_80085483,
ID_80093163,
ID_80168683,
ID_80186603,
ID_80228843,
ID_80241643,
ID_80244203,
ID_80255723,
ID_80264683,
ID_80276203,
ID_80290283,
ID_80295403,
ID_80310763,
ID_80359403,
ID_80423403,
ID_80437483,
ID_80463083,
ID_80515563,
ID_80538603,
ID_80607723,
ID_80649963,
ID_80665323,
ID_80673003,
ID_80684523,
ID_80711403,
ID_80722923,
ID_80788203,
ID_80806123,
ID_80863723,
ID_80877803,
ID_80946923,
ID_80973803,
ID_81017323,
ID_81019883,
ID_81031403,
ID_81040363,
ID_81063403,
ID_81100523,
ID_81109483,
ID_81174763,
ID_81227243,
ID_81238763,
ID_81391083,
ID_81437163,
ID_81489643,
ID_81521643,
ID_81535723,
ID_81579243,
ID_81588203,
ID_81593323,
ID_81665003,
ID_81680363,
ID_81735403,
ID_81781483,
ID_81800683,
ID_81813483,
ID_81816043,
ID_81825003,
ID_81862123,
ID_81881323,
ID_81896683,
ID_81904363,
ID_81915883,
ID_81991403,
ID_81993963,
ID_81995243,
ID_82000363,
ID_82011883,
ID_82017003,
ID_82064363,
ID_82074603,
ID_82075883,
ID_82115563,
ID_82150123,
ID_82175723,
ID_82184683,
ID_82221803,
ID_82246123,
ID_82248683,
ID_82283243,
ID_82288363,
ID_82294763,
ID_82311403,
ID_82315243,
ID_82322923,
ID_82337003,
ID_82338283,
ID_82389483,
ID_82392043,
ID_82426603,
ID_82449643,
ID_82467563,
ID_82473963,
ID_82536683,
ID_82591723,
ID_82617323,
ID_82646763,
ID_82681323,
ID_82782443,
ID_82790123,
ID_82793963,
ID_82824683,
ID_82831083,
ID_82833643,
ID_82840043,
ID_82870763,
ID_82911723,
ID_82920683,
ID_82932203,
ID_82960363,
ID_83052523,
ID_83087083,
ID_83090923,
ID_83110123,
ID_83151083,
ID_83156203,
ID_83160043,
ID_83169003,
ID_83213803,
ID_83225323,
ID_83330283,
ID_83416043,
ID_83419883,
ID_83487723,
ID_83510763,
ID_83523563,
ID_83528683,
ID_83546603,
ID_83629803,
ID_83634923,
ID_83646443,
ID_83650283,
ID_83657963,
ID_83721963,
ID_83730923,
ID_83779563,
ID_83806443,
ID_83809003,
ID_83874283,
ID_83912683,
ID_83935723,
ID_83954923,
ID_84004843,
ID_84079083,
ID_84131563,
ID_84136683,
ID_84163563,
ID_84235243,
ID_84329963,
ID_84336363,
ID_84342763,
ID_84345323,
ID_84364523,
ID_84368363,
ID_84399083,
ID_84446443,
ID_84474603,
ID_84529643,
ID_84555243,
ID_84587243,
ID_84592363,
ID_84601323,
ID_84705003,
ID_84706283,
ID_84731883,
ID_84745963,
ID_84752363,
ID_84771563,
ID_84812523,
ID_84821483,
ID_84826603,
ID_84835563,
ID_84847083,
ID_84866283,
ID_84875243,
ID_84902123,
ID_84925163,
ID_84991723,
ID_85014763,
ID_85022443,
ID_85036523,
ID_85051883,
ID_85149163,
ID_85155563,
ID_85164523,
ID_85196523,
ID_85208043,
ID_85218283,
ID_85222123,
ID_85231083,
ID_85302763,
ID_85339883,
ID_85353963,
ID_85377003,
ID_85380843,
ID_85394923,
ID_85423083,
ID_85443563,
ID_85480683,
ID_85484523,
ID_85487083,
ID_85515243,
ID_85524203,
ID_85551083,
ID_85574123,
ID_85581803,
ID_85585643,
ID_85652203,
ID_85654763,
ID_85677803,
ID_85700843,
ID_85731563,
ID_85758443,
ID_85844203,
ID_85891563,
ID_85903083,
ID_85922283,
ID_85937643,
ID_85945323,
ID_86011883,
ID_86014443,
ID_86127083,
ID_86133483,
ID_86168043,
ID_86271723,
ID_86292203,
ID_86311403,
ID_86326763,
ID_86338283,
ID_86352363,
ID_86502123,
ID_86517483,
ID_86527723,
ID_86543083,
ID_86577643,
ID_86695403,
ID_86801643,
ID_86847723,
ID_87070443,
ID_87079403,
ID_87090923,
ID_87098603,
ID_87102443,
ID_87130603,
ID_87145963,
ID_87199723,
ID_87212523,
ID_87222763,
ID_87226603,
ID_87314923,
ID_87385323,
ID_87404523,
ID_87428843,
ID_87462123,
ID_87497963,
ID_87508203,
ID_87528683,
ID_87554283,
ID_87565803,
ID_87620843,
ID_87632363,
ID_87783403,
ID_87817963,
ID_87843563,
ID_87848683,
ID_87864043,
ID_87875563,
ID_87889643,
ID_87919083,
ID_87942123,
ID_87956203,
ID_87967723,
ID_87988203,
ID_88053483,
ID_88068843,
ID_88088043,
ID_88100843,
ID_88112363,
ID_88137963,
ID_88195563,
ID_88207083,
ID_88246763,
ID_88315883,
ID_88361963,
ID_88386283,
ID_88411883,
ID_88428523,
ID_88477163,
ID_88497643,
ID_88524523,
ID_88543723,
ID_88566763,
ID_88612843,
ID_88637163,
ID_88647403,
ID_88708843,
ID_88725483,
ID_88757483,
ID_88775403,
ID_88821483,
ID_88936683,
ID_88964843,
ID_88985323,
ID_89045483,
ID_89054443,
ID_89058283,
ID_89068523,
ID_89104363,
ID_89115883,
ID_89219563,
ID_89227243,
ID_89261803,
ID_89273323,
ID_89412843,
ID_89470443,
ID_89502443,
ID_89547243,
ID_89705963,
ID_89714923,
ID_89718763,
ID_89729003,
ID_89776363,
ID_89795563,
ID_89818603,
ID_89853163,
ID_89900523,
ID_89903083,
ID_89937643,
ID_89945323,
ID_90029803,
ID_90041323,
ID_90096363,
ID_90104043,
ID_90107883,
ID_90115563,
ID_90121963,
ID_90151403,
ID_90232043,
ID_90234603,
ID_90257643,
ID_90266603,
ID_90269163,
ID_90312683,
ID_90326763,
ID_90329323,
ID_90393323,
ID_90458603,
ID_90471403,
ID_90497003,
ID_90520043,
ID_90529003,
ID_90572523,
ID_90584043,
ID_90595563,
ID_90607083,
ID_90678763,
ID_90687723,
ID_90710763,
ID_90753003,
ID_90828523,
ID_90845163,
ID_90846443,
ID_90872043,
ID_90888683,
ID_90906603,
ID_90911723,
ID_91012843,
ID_91030763,
ID_91044843,
ID_91137003,
ID_91165163,
ID_91171563,
ID_91174123,
ID_91229163,
ID_91293163,
ID_91325163,
ID_91335403,
ID_91336683,
ID_91364843,
ID_91390443,
ID_91419883,
ID_91433963,
ID_91442923,
ID_91468523,
ID_91474923,
ID_91540203,
ID_91544043,
ID_91551723,
ID_91564523,
ID_91567083,
ID_91572203,
ID_91578603,
ID_91599083,
ID_91601643,
ID_91650283,
ID_91652843,
ID_91696363,
ID_91737323,
ID_91834603,
ID_91857643,
ID_91869163,
ID_91976683,
ID_91985643,
ID_91988203,
ID_91999723,
ID_92022763,
ID_92089323,
ID_92123883,
ID_92166123,
ID_92177643,
ID_92250603,
ID_92259563,
ID_92267243,
ID_92271083,
ID_92278763,
ID_92285163,
ID_92292843,
ID_92347883,
ID_92395243,
ID_92443883,
ID_92509163,
ID_92513003,
ID_92564203,
ID_92648683,
ID_92726763,
ID_92749803,
ID_92795883,
ID_92812523,
ID_92841963,
ID_92876523,
ID_92893163,
ID_92899563,
ID_92980203,
ID_93035243,
ID_93046763,
ID_93051883,
ID_93090283,
ID_93167083,
ID_93204203,
ID_93270763,
ID_93274603,
ID_93282283,
ID_93288683,
ID_93329643,
ID_93351403,
ID_93490923,
ID_93516523,
ID_93528043,
ID_93533163,
ID_93545963,
ID_93571563,
ID_93592043,
ID_93606123,
ID_93659883,
ID_93691883,
ID_93703403,
ID_93761003,
ID_93773803,
ID_93776363,
ID_93785323,
ID_93799403,
ID_93912043,
ID_93963243,
ID_94024683,
ID_94078443,
ID_94124523,
ID_94136043,
ID_94145003,
ID_94153963,
ID_94170603,
ID_94193643,
ID_94209003,
ID_94229483,
ID_94278123,
ID_94289643,
ID_94294763,
ID_94344683,
ID_94375403,
ID_94436843,
ID_94439403,
ID_94459883,
ID_94480363,
ID_94490603,
ID_94505963,
ID_94536683,
ID_94571243,
ID_94630123,
ID_94687723,
ID_94733803,
ID_94796523,
ID_94881003,
ID_94923243,
ID_94927083,
ID_94938603,
ID_94996203,
ID_95070443,
ID_95131883,
ID_95143403,
ID_95183083,
ID_95209963,
ID_95231723,
ID_95233003,
ID_95302123,
ID_95332843,
ID_95345643,
ID_95359723,
ID_95368683,
ID_95373803,
ID_95413483,
ID_95457003,
ID_95549163,
ID_95615723,
ID_95642603,
ID_95707883,
ID_95719403,
ID_95748843,
ID_95765483,
ID_95794923,
ID_95806443,
ID_95826923,
ID_95834603,
ID_95849963,
ID_95926763,
ID_95935723,
ID_95951083,
ID_95965163,
ID_95974123,
ID_96029163,
ID_96089323,
ID_96109803,
ID_96129003,
ID_96186603,
ID_96209643,
ID_96213483,
ID_96245483,
ID_96255723,
ID_96257003,
ID_96282603,
ID_96294123,
ID_96299243,
ID_96303083,
ID_96372203,
ID_96402923,
ID_96434923,
ID_96437483,
ID_96461803,
ID_96495083,
ID_96553963,
ID_96559083,
ID_96573163,
ID_96614123,
ID_96628203,
ID_96676843,
ID_96703723,
ID_96740843,
ID_96745963,
ID_96780523,
ID_96803563,
ID_96827883,
ID_96885483,
ID_96973803,
ID_96982763,
ID_97017323,
ID_97054443,
ID_97086443,
ID_97090283,
ID_97201643,
ID_97279723,
ID_97309163,
ID_97378283,
ID_97417963,
ID_97421803,
ID_97441003,
ID_97464043,
ID_97476843,
ID_97577963,
ID_97626603,
ID_97649643,
ID_97657323,
ID_97693163,
ID_97769963,
ID_97778923,
ID_97785323,
ID_97857003,
ID_97880043,
ID_97897963,
ID_97900523,
ID_97931243,
ID_97940203,
ID_97963243,
ID_98079723,
ID_98091243,
ID_98116843,
ID_98147563,
ID_98225643,
ID_98273003,
ID_98284523,
ID_98296043,
ID_98298603,
ID_98321643,
ID_98330603,
ID_98386923,
ID_98441963,
ID_98445803,
ID_98465003,
ID_98477803,
ID_98503403,
ID_98511083,
ID_98512363,
ID_98572523,
ID_98593003,
ID_98603243,
ID_98692843,
ID_98747883,
ID_98793963,
ID_98842603,
ID_98878443,
ID_98886123,
ID_98915563,
ID_98947563,
ID_98959083,
ID_98982123,
ID_99007723,
ID_99120363,
ID_99137003,
ID_99152363,
ID_99183083,
ID_99198443,
ID_99221483,
ID_99226603,
ID_99263723,
ID_99295723,
ID_99311083,
ID_99353323,
ID_99387883,
ID_99394283,
ID_99435243,
ID_99446763,
ID_99468523,
ID_99483883,
ID_99529963,
ID_99647723,
ID_99654123,
ID_99677163,
ID_99684843,
ID_99720683,
ID_99757803,
ID_99801323,
ID_99812843,
ID_99815403,
ID_99824363,
ID_99832043,
ID_99935723,
